pergunta,resposta
O que é uva?,"Baga da videira: uva preta, branca, rosada."
O que é uva.,"Baga da videira: uva preta, branca, rosada."
o que é uva?,"Baga da videira: uva preta, branca, rosada."
Defina uva.,"Baga da videira: uva preta, branca, rosada."
Defina uva.?,"Baga da videira: uva preta, branca, rosada."
Defina uva.,"Baga da videira: uva preta, branca, rosada."
defina uva.,"Baga da videira: uva preta, branca, rosada."
O que é uva? (fruta),"Baga da videira: uva preta, branca, rosada."
O que é uva? (fruta)?,"Baga da videira: uva preta, branca, rosada."
O que é uva? (fruta).,"Baga da videira: uva preta, branca, rosada."
o que é uva? (fruta),"Baga da videira: uva preta, branca, rosada."
"No domínio de frutas, o que é uva?","Baga da videira: uva preta, branca, rosada."
"No domínio de frutas, o que é uva.","Baga da videira: uva preta, branca, rosada."
"no domínio de frutas, o que é uva?","Baga da videira: uva preta, branca, rosada."
Considere apenas alimentos de origem vegetal: o que é uva?,"Baga da videira: uva preta, branca, rosada."
Considere apenas alimentos de origem vegetal: o que é uva.,"Baga da videira: uva preta, branca, rosada."
considere apenas alimentos de origem vegetal: o que é uva?,"Baga da videira: uva preta, branca, rosada."
Responda em um único parágrafo: o que é uva?,"Baga da videira: uva preta, branca, rosada."
Responda em um único parágrafo: o que é uva.,"Baga da videira: uva preta, branca, rosada."
responda em um único parágrafo: o que é uva?,"Baga da videira: uva preta, branca, rosada."
O que é banana?,"Fruto da bananeira, rico em amido e potássio, sem sementes e com casca amarela (fruto maduro) e verde (fruto verde)."
O que é banana.,"Fruto da bananeira, rico em amido e potássio, sem sementes e com casca amarela (fruto maduro) e verde (fruto verde)."
o que é banana?,"Fruto da bananeira, rico em amido e potássio, sem sementes e com casca amarela (fruto maduro) e verde (fruto verde)."
Defina banana.,"Fruto da bananeira, rico em amido e potássio, sem sementes e com casca amarela (fruto maduro) e verde (fruto verde)."
Defina banana.?,"Fruto da bananeira, rico em amido e potássio, sem sementes e com casca amarela (fruto maduro) e verde (fruto verde)."
Defina banana..,"Fruto da bananeira, rico em amido e potássio, sem sementes e com casca amarela (fruto maduro) e verde (fruto verde)."
defina banana.,"Fruto da bananeira, rico em amido e potássio, sem sementes e com casca amarela (fruto maduro) e verde (fruto verde)."
O que é banana? (fruta),"Fruto da bananeira, rico em amido e potássio, sem sementes e com casca amarela (fruto maduro) e verde (fruto verde)."
O que é banana? (fruta)?,"Fruto da bananeira, rico em amido e potássio, sem sementes e com casca amarela (fruto maduro) e verde (fruto verde)."
O que é banana? (fruta).,"Fruto da bananeira, rico em amido e potássio, sem sementes e com casca amarela (fruto maduro) e verde (fruto verde)."
o que é banana? (fruta),"Fruto da bananeira, rico em amido e potássio, sem sementes e com casca amarela (fruto maduro) e verde (fruto verde)."
"No domínio de frutas, o que é banana?","Fruto da bananeira, rico em amido e potássio, sem sementes e com casca amarela (fruto maduro) e verde (fruto verde)."
"No domínio de frutas, o que é banana.","Fruto da bananeira, rico em amido e potássio, sem sementes e com casca amarela (fruto maduro) e verde (fruto verde)."
"no domínio de frutas, o que é banana?","Fruto da bananeira, rico em amido e potássio, sem sementes e com casca amarela (fruto maduro) e verde (fruto verde)."
Considere apenas alimentos de origem vegetal: o que é banana?,"Fruto da bananeira, rico em amido e potássio, sem sementes e com casca amarela (fruto maduro) e verde (fruto verde)."
Considere apenas alimentos de origem vegetal: o que é banana.,"Fruto da bananeira, rico em amido e potássio, sem sementes e com casca amarela (fruto maduro) e verde (fruto verde)."
considere apenas alimentos de origem vegetal: o que é banana?,"Fruto da bananeira, rico em amido e potássio, sem sementes e com casca amarela (fruto maduro) e verde (fruto verde)."
Responda em um único parágrafo: o que é banana?,"Fruto da bananeira, rico em amido e potássio, sem sementes e com casca amarela (fruto maduro) e verde (fruto verde)."
Responda em um único parágrafo: o que é banana.,"Fruto da bananeira, rico em amido e potássio, sem sementes e com casca amarela (fruto maduro) e verde (fruto verde)."
responda em um único parágrafo: o que é banana?,"Fruto da bananeira, rico em amido e potássio, sem sementes e com casca amarela (fruto maduro) e verde (fruto verde)."
O que é melancia?,"Grande fruto verde com uma deliciosa polpa vermelha ou amarela, constitui-se principalmente de água (93%) e tem um gosto doce e refrescante."
O que é melancia.,"Grande fruto verde com uma deliciosa polpa vermelha ou amarela, constitui-se principalmente de água (93%) e tem um gosto doce e refrescante."
o que é melancia?,"Grande fruto verde com uma deliciosa polpa vermelha ou amarela, constitui-se principalmente de água (93%) e tem um gosto doce e refrescante."
Defina melancia.,"Grande fruto verde com uma deliciosa polpa vermelha ou amarela, constitui-se principalmente de água (93%) e tem um gosto doce e refrescante."
Defina melancia.?,"Grande fruto verde com uma deliciosa polpa vermelha ou amarela, constitui-se principalmente de água (93%) e tem um gosto doce e refrescante."
Defina melancia..,"Grande fruto verde com uma deliciosa polpa vermelha ou amarela, constitui-se principalmente de água (93%) e tem um gosto doce e refrescante."
defina melancia.,"Grande fruto verde com uma deliciosa polpa vermelha ou amarela, constitui-se principalmente de água (93%) e tem um gosto doce e refrescante."
O que é melancia? (fruta),"Grande fruto verde com uma deliciosa polpa vermelha ou amarela, constitui-se principalmente de água (93%) e tem um gosto doce e refrescante."
O que é melancia? (fruta)?,"Grande fruto verde com uma deliciosa polpa vermelha ou amarela, constitui-se principalmente de água (93%) e tem um gosto doce e refrescante."
O que é melancia? (fruta).,"Grande fruto verde com uma deliciosa polpa vermelha ou amarela, constitui-se principalmente de água (93%) e tem um gosto doce e refrescante."
o que é melancia? (fruta),"Grande fruto verde com uma deliciosa polpa vermelha ou amarela, constitui-se principalmente de água (93%) e tem um gosto doce e refrescante."
"No domínio de frutas, o que é melancia?","Grande fruto verde com uma deliciosa polpa vermelha ou amarela, constitui-se principalmente de água (93%) e tem um gosto doce e refrescante."
"No domínio de frutas, o que é melancia.","Grande fruto verde com uma deliciosa polpa vermelha ou amarela, constitui-se principalmente de água (93%) e tem um gosto doce e refrescante."
"no domínio de frutas, o que é melancia?","Grande fruto verde com uma deliciosa polpa vermelha ou amarela, constitui-se principalmente de água (93%) e tem um gosto doce e refrescante."
Considere apenas alimentos de origem vegetal: o que é melancia?,"Grande fruto verde com uma deliciosa polpa vermelha ou amarela, constitui-se principalmente de água (93%) e tem um gosto doce e refrescante."
Considere apenas alimentos de origem vegetal: o que é melancia.,"Grande fruto verde com uma deliciosa polpa vermelha ou amarela, constitui-se principalmente de água (93%) e tem um gosto doce e refrescante."
considere apenas alimentos de origem vegetal: o que é melancia?,"Grande fruto verde com uma deliciosa polpa vermelha ou amarela, constitui-se principalmente de água (93%) e tem um gosto doce e refrescante."
Responda em um único parágrafo: o que é melancia?,"Grande fruto verde com uma deliciosa polpa vermelha ou amarela, constitui-se principalmente de água (93%) e tem um gosto doce e refrescante."
Responda em um único parágrafo: o que é melancia.,"Grande fruto verde com uma deliciosa polpa vermelha ou amarela, constitui-se principalmente de água (93%) e tem um gosto doce e refrescante."
responda em um único parágrafo: o que é melancia?,"Grande fruto verde com uma deliciosa polpa vermelha ou amarela, constitui-se principalmente de água (93%) e tem um gosto doce e refrescante."
O que é manga?,"Fruto da mangueira, com um grande caroço central que envolve sua semente, muito conhecido por sua polpa amarelada, doce e suculenta."
O que é manga.,"Fruto da mangueira, com um grande caroço central que envolve sua semente, muito conhecido por sua polpa amarelada, doce e suculenta."
o que é manga?,"Fruto da mangueira, com um grande caroço central que envolve sua semente, muito conhecido por sua polpa amarelada, doce e suculenta."
O que é manga? (fruta),"Fruto da mangueira, com um grande caroço central que envolve sua semente, muito conhecido por sua polpa amarelada, doce e suculenta."
O que é manga? (fruta)?,"Fruto da mangueira, com um grande caroço central que envolve sua semente, muito conhecido por sua polpa amarelada, doce e suculenta."
O que é manga? (fruta).,"Fruto da mangueira, com um grande caroço central que envolve sua semente, muito conhecido por sua polpa amarelada, doce e suculenta."
o que é manga? (fruta),"Fruto da mangueira, com um grande caroço central que envolve sua semente, muito conhecido por sua polpa amarelada, doce e suculenta."
O que é manga? (alimento),"Fruto da mangueira, com um grande caroço central que envolve sua semente, muito conhecido por sua polpa amarelada, doce e suculenta."
O que é manga? (alimento)?,"Fruto da mangueira, com um grande caroço central que envolve sua semente, muito conhecido por sua polpa amarelada, doce e suculenta."
O que é manga? (alimento).,"Fruto da mangueira, com um grande caroço central que envolve sua semente, muito conhecido por sua polpa amarelada, doce e suculenta."
o que é manga? (alimento),"Fruto da mangueira, com um grande caroço central que envolve sua semente, muito conhecido por sua polpa amarelada, doce e suculenta."
Defina manga como fruto.,"Fruto da mangueira, com um grande caroço central que envolve sua semente, muito conhecido por sua polpa amarelada, doce e suculenta."
Defina manga como fruto.?,"Fruto da mangueira, com um grande caroço central que envolve sua semente, muito conhecido por sua polpa amarelada, doce e suculenta."
Defina manga como fruto..,"Fruto da mangueira, com um grande caroço central que envolve sua semente, muito conhecido por sua polpa amarelada, doce e suculenta."
defina manga como fruto.,"Fruto da mangueira, com um grande caroço central que envolve sua semente, muito conhecido por sua polpa amarelada, doce e suculenta."
Defina manga como alimento de origem vegetal.,"Fruto da mangueira, com um grande caroço central que envolve sua semente, muito conhecido por sua polpa amarelada, doce e suculenta."
Defina manga como alimento de origem vegetal.?,"Fruto da mangueira, com um grande caroço central que envolve sua semente, muito conhecido por sua polpa amarelada, doce e suculenta."
Defina manga como alimento de origem vegetal.,"Fruto da mangueira, com um grande caroço central que envolve sua semente, muito conhecido por sua polpa amarelada, doce e suculenta."
defina manga como alimento de origem vegetal.,"Fruto da mangueira, com um grande caroço central que envolve sua semente, muito conhecido por sua polpa amarelada, doce e suculenta."
"No domínio de frutas, o que é manga?","Fruto da mangueira, com um grande caroço central que envolve sua semente, muito conhecido por sua polpa amarelada, doce e suculenta."
"No domínio de frutas, o que é manga.","Fruto da mangueira, com um grande caroço central que envolve sua semente, muito conhecido por sua polpa amarelada, doce e suculenta."
"no domínio de frutas, o que é manga?","Fruto da mangueira, com um grande caroço central que envolve sua semente, muito conhecido por sua polpa amarelada, doce e suculenta."
"No domínio de alimentos de origem vegetal, o que é manga?","Fruto da mangueira, com um grande caroço central que envolve sua semente, muito conhecido por sua polpa amarelada, doce e suculenta."
"No domínio de alimentos de origem vegetal, o que é manga.","Fruto da mangueira, com um grande caroço central que envolve sua semente, muito conhecido por sua polpa amarelada, doce e suculenta."
"no domínio de alimentos de origem vegetal, o que é manga?","Fruto da mangueira, com um grande caroço central que envolve sua semente, muito conhecido por sua polpa amarelada, doce e suculenta."
Considere apenas o conceito enquanto fruto: o que é manga?,"Fruto da mangueira, com um grande caroço central que envolve sua semente, muito conhecido por sua polpa amarelada, doce e suculenta."
Considere apenas o conceito enquanto fruto: o que é manga.,"Fruto da mangueira, com um grande caroço central que envolve sua semente, muito conhecido por sua polpa amarelada, doce e suculenta."
considere apenas o conceito enquanto fruto: o que é manga?,"Fruto da mangueira, com um grande caroço central que envolve sua semente, muito conhecido por sua polpa amarelada, doce e suculenta."
"Desconsidere significados culturais, artísticos ou metafóricos: o que é manga?","Fruto da mangueira, com um grande caroço central que envolve sua semente, muito conhecido por sua polpa amarelada, doce e suculenta."
"Desconsidere significados culturais, artísticos ou metafóricos: o que é manga.","Fruto da mangueira, com um grande caroço central que envolve sua semente, muito conhecido por sua polpa amarelada, doce e suculenta."
"desconsidere significados culturais, artísticos ou metafóricos: o que é manga?","Fruto da mangueira, com um grande caroço central que envolve sua semente, muito conhecido por sua polpa amarelada, doce e suculenta."
"Considere apenas características botânicas, físicas e sensoriais: o que é manga?","Fruto da mangueira, com um grande caroço central que envolve sua semente, muito conhecido por sua polpa amarelada, doce e suculenta."
"Considere apenas características botânicas, físicas e sensoriais: o que é manga.","Fruto da mangueira, com um grande caroço central que envolve sua semente, muito conhecido por sua polpa amarelada, doce e suculenta."
"considere apenas características botânicas, físicas e sensoriais: o que é manga?","Fruto da mangueira, com um grande caroço central que envolve sua semente, muito conhecido por sua polpa amarelada, doce e suculenta."
O que é manga no contexto de frutas?,"Fruto da mangueira, com um grande caroço central que envolve sua semente, muito conhecido por sua polpa amarelada, doce e suculenta."
O que é manga no contexto de frutas.,"Fruto da mangueira, com um grande caroço central que envolve sua semente, muito conhecido por sua polpa amarelada, doce e suculenta."
o que é manga no contexto de frutas?,"Fruto da mangueira, com um grande caroço central que envolve sua semente, muito conhecido por sua polpa amarelada, doce e suculenta."
O que é manga no contexto de alimentos de origem vegetal?,"Fruto da mangueira, com um grande caroço central que envolve sua semente, muito conhecido por sua polpa amarelada, doce e suculenta."
O que é manga no contexto de alimentos de origem vegetal.,"Fruto da mangueira, com um grande caroço central que envolve sua semente, muito conhecido por sua polpa amarelada, doce e suculenta."
o que é manga no contexto de alimentos de origem vegetal?,"Fruto da mangueira, com um grande caroço central que envolve sua semente, muito conhecido por sua polpa amarelada, doce e suculenta."
Manga é fruta ou quadrinhos? Responda considerando apenas o fruto.,"Fruto da mangueira, com um grande caroço central que envolve sua semente, muito conhecido por sua polpa amarelada, doce e suculenta."
Manga é fruta ou quadrinhos? Responda considerando apenas o fruto.?,"Fruto da mangueira, com um grande caroço central que envolve sua semente, muito conhecido por sua polpa amarelada, doce e suculenta."
Manga é fruta ou quadrinhos? Responda considerando apenas o fruto.,"Fruto da mangueira, com um grande caroço central que envolve sua semente, muito conhecido por sua polpa amarelada, doce e suculenta."
manga é fruta ou quadrinhos? responda considerando apenas o fruto.,"Fruto da mangueira, com um grande caroço central que envolve sua semente, muito conhecido por sua polpa amarelada, doce e suculenta."
Manga é fruta ou quadrinhos? responda considerando apenas o fruto.,"Fruto da mangueira, com um grande caroço central que envolve sua semente, muito conhecido por sua polpa amarelada, doce e suculenta."
"Quando eu digo manga, refiro-me ao fruto. O que é manga?","Fruto da mangueira, com um grande caroço central que envolve sua semente, muito conhecido por sua polpa amarelada, doce e suculenta."
"Quando eu digo manga, refiro-me ao fruto. O que é manga.","Fruto da mangueira, com um grande caroço central que envolve sua semente, muito conhecido por sua polpa amarelada, doce e suculenta."
"quando eu digo manga, refiro-me ao fruto. o que é manga?","Fruto da mangueira, com um grande caroço central que envolve sua semente, muito conhecido por sua polpa amarelada, doce e suculenta."
"Quando eu digo manga, refiro-me ao fruto. o que é manga?","Fruto da mangueira, com um grande caroço central que envolve sua semente, muito conhecido por sua polpa amarelada, doce e suculenta."
Explique o que é manga considerando apenas o fruto.,"Fruto da mangueira, com um grande caroço central que envolve sua semente, muito conhecido por sua polpa amarelada, doce e suculenta."
Explique o que é manga considerando apenas o fruto.?,"Fruto da mangueira, com um grande caroço central que envolve sua semente, muito conhecido por sua polpa amarelada, doce e suculenta."
Explique o que é manga considerando apenas o fruto..,"Fruto da mangueira, com um grande caroço central que envolve sua semente, muito conhecido por sua polpa amarelada, doce e suculenta."
explique o que é manga considerando apenas o fruto.,"Fruto da mangueira, com um grande caroço central que envolve sua semente, muito conhecido por sua polpa amarelada, doce e suculenta."
Forneça uma definição de manga como fruto em um único parágrafo.,"Fruto da mangueira, com um grande caroço central que envolve sua semente, muito conhecido por sua polpa amarelada, doce e suculenta."
Forneça uma definição de manga como fruto em um único parágrafo.?,"Fruto da mangueira, com um grande caroço central que envolve sua semente, muito conhecido por sua polpa amarelada, doce e suculenta."
Forneça uma definição de manga como fruto em um único parágrafo.,"Fruto da mangueira, com um grande caroço central que envolve sua semente, muito conhecido por sua polpa amarelada, doce e suculenta."
forneça uma definição de manga como fruto em um único parágrafo.,"Fruto da mangueira, com um grande caroço central que envolve sua semente, muito conhecido por sua polpa amarelada, doce e suculenta."
Responda: o que é manga? Considere apenas o fruto.,"Fruto da mangueira, com um grande caroço central que envolve sua semente, muito conhecido por sua polpa amarelada, doce e suculenta."
Responda: o que é manga? Considere apenas o fruto.?,"Fruto da mangueira, com um grande caroço central que envolve sua semente, muito conhecido por sua polpa amarelada, doce e suculenta."
Responda: o que é manga? Considere apenas o fruto.,"Fruto da mangueira, com um grande caroço central que envolve sua semente, muito conhecido por sua polpa amarelada, doce e suculenta."
responda: o que é manga? considere apenas o fruto.,"Fruto da mangueira, com um grande caroço central que envolve sua semente, muito conhecido por sua polpa amarelada, doce e suculenta."
Responda: o que é manga? considere apenas o fruto.,"Fruto da mangueira, com um grande caroço central que envolve sua semente, muito conhecido por sua polpa amarelada, doce e suculenta."
O que é manga? Responda apenas sobre o fruto.,"Fruto da mangueira, com um grande caroço central que envolve sua semente, muito conhecido por sua polpa amarelada, doce e suculenta."
O que é manga? Responda apenas sobre o fruto.?,"Fruto da mangueira, com um grande caroço central que envolve sua semente, muito conhecido por sua polpa amarelada, doce e suculenta."
O que é manga? Responda apenas sobre o fruto.,"Fruto da mangueira, com um grande caroço central que envolve sua semente, muito conhecido por sua polpa amarelada, doce e suculenta."
o que é manga? responda apenas sobre o fruto.,"Fruto da mangueira, com um grande caroço central que envolve sua semente, muito conhecido por sua polpa amarelada, doce e suculenta."
O que é manga? responda apenas sobre o fruto.,"Fruto da mangueira, com um grande caroço central que envolve sua semente, muito conhecido por sua polpa amarelada, doce e suculenta."
O que é manga? (apenas fruto),"Fruto da mangueira, com um grande caroço central que envolve sua semente, muito conhecido por sua polpa amarelada, doce e suculenta."
O que é manga? (apenas fruto)?,"Fruto da mangueira, com um grande caroço central que envolve sua semente, muito conhecido por sua polpa amarelada, doce e suculenta."
O que é manga? (apenas fruto).,"Fruto da mangueira, com um grande caroço central que envolve sua semente, muito conhecido por sua polpa amarelada, doce e suculenta."
o que é manga? (apenas fruto),"Fruto da mangueira, com um grande caroço central que envolve sua semente, muito conhecido por sua polpa amarelada, doce e suculenta."
O que é manga (somente o fruto)?,"Fruto da mangueira, com um grande caroço central que envolve sua semente, muito conhecido por sua polpa amarelada, doce e suculenta."
O que é manga (somente o fruto).,"Fruto da mangueira, com um grande caroço central que envolve sua semente, muito conhecido por sua polpa amarelada, doce e suculenta."
o que é manga (somente o fruto)?,"Fruto da mangueira, com um grande caroço central que envolve sua semente, muito conhecido por sua polpa amarelada, doce e suculenta."
